,Project Name,Address,City,State,Part 3 Approval,Total Project Costs,2010 Census Tract,Region
0,Mcdowell & Company,339-341 N. Charles Street,Baltimore,MD,2009-02-18,3045219.0,,Baltimore
1,Fleet Street Property,1721 Fleet Street,Baltimore,MD,2009-03-11,200000.0,,Baltimore
2,Gunther Brewing Company,1301 S. Conkling St.,Baltimore City,MD,2009-03-30,19199747.0,,Baltimore
3,Baltimore Gas & Electric Co. Building,39 West Lexington Street,Baltimore,MD,2009-04-01,36200000.0,,Baltimore
4,53 S. Carrollton Avenue,53 S. Carrollton Avenue,Baltimore,MD,2009-04-09,114021.0,,Baltimore
5,3327 Noble Street,3327 Noble Street,Baltimore,MD,2009-04-10,185400.0,,Baltimore
6,3300 Noble Street,3300 Noble Street,Baltimore,MD,2009-04-10,185400.0,,Baltimore
7,Ruscombe Green,4901 Springarden Drive,Baltimore,MD,2009-04-24,1401251.0,,Baltimore
8,204 East Chase Street,204 East Chase Street,Baltimore,MD,2009-04-27,234480.0,,Baltimore
9,3304 Noble Street,3304 Noble Street,Baltimore,MD,2009-04-28,185400.0,,Baltimore
10,The George Wells House,1532-1534 Thames Street,Baltimore,MD,2009-05-13,1642666.0,,Baltimore
11,Gampy's Building,904 North Charles Street,Baltimore,MD,2009-05-26,1208878.0,,Baltimore
12,Northern District Police Station,3355 Keswick Road,Baltimore,MD,2009-06-12,7942035.0,,Baltimore
13,801 Washington Boulevard,801 Washington Boulevard,Baltimore,MD,2009-06-17,383360.0,,Baltimore
14,Abell Building,329-335 West Baltimore Street,Baltimore,MD,2009-06-19,5700000.0,,Baltimore
15,24 South Carrollton,24 South Carrollton,Baltimore,MD,2009-06-29,128517.0,,Baltimore
16,407 N. Charles Street,407 N. Charles Street,Baltimore,MD,2009-08-11,777938.0,,Baltimore
17,Professional Arts Building (Aka The Medical Arts Bldg),101 West Read Street,Baltimore,MD,2009-08-11,18875043.0,,Baltimore
18,Title Guarantee And Trust Company Building,102-110 St. Paul Street,Baltimore,MD,2009-08-28,11000000.0,,Baltimore
19,1209 Hollins Street,1209 Hollins Street,Baltimore,MD,2009-09-02,162544.0,,Baltimore
20,638 Melvin Drive,638 Melvin Drive,Baltimore,MD,2009-09-10,113137.0,,Baltimore
21,1310 W. Lexington Street,1310 W. Lexington Street,Baltimore,MD,2009-11-17,296150.0,,Baltimore
22,222 West Monument Street,222 West Monument Street,Baltimore,MD,2009-11-24,872905.0,,Baltimore
23,Cannery Square At Charles Village (Miller's Court),2601 North Howard Street,Baltimore,MD,2009-12-07,15569292.0,,Baltimore
24,The Keyser Building,207 E. Redwood Street,Baltimore,MD,2010-01-05,19500000.0,,Baltimore
25,823 Park Avenue,823 Park Avenue,Baltimore,MD,2010-02-19,722441.0,,Baltimore
26,The B&O Central Building,2 N. Charles Street,Baltimore,MD,2010-04-12,45000000.0,,Baltimore
27,The Old Town National Bank Building,221-233 North Gay Street,Baltimore,MD,2010-09-08,9250000.0,,Baltimore
28,203 East North Avenue,203 East North Avenue,Baltimore,MD,2010-09-20,275000.0,,Baltimore
29,1301 Washington Blvd.,1301 Washington Blvd.,Baltimore,MD,2010-09-22,198023.0,,Baltimore
30,108 W. Lexington Street,108 W. Lexington Street,Baltimore,MD,2010-10-26,1147000.0,,Baltimore
31,Junker Hotel,20-22 East Fayette Street,Baltimore,MD,2010-12-14,11163471.0,,Baltimore
32,Hamilton House,509 Cathedral Street,Baltimore,MD,2011-01-20,615967.0,,Baltimore
33,The Federal Land Bank Building,2315-2317 St. Paul Street,Baltimore,MD,2011-03-02,46709860.0,,Baltimore
34,1007 E. Pratt Street,1007 E. Pratt Street,Baltimore,MD,2011-03-09,1234814.0,,Baltimore
35,439 E. Lanvale Street,439 E. Lanvale Street,Baltimore,MD,2011-03-24,253817.0,,Baltimore
36,422 East Lanvale Street,422 East Lanvale Street,Baltimore,MD,2011-03-24,261765.0,,Baltimore
37,426 East Federal Street,426 East Federal Street,Baltimore,MD,2011-04-18,206925.0,,Baltimore
38,807 Washington Boulevard,807 Washington Boulevard,Baltimore,MD,2011-05-31,494097.0,,Baltimore
39,803-805 Washington Boulevard,803-805 Washington Boulevard,Baltimore,MD,2011-05-31,494097.0,,Baltimore
40,3415 Falls Road,3415 Falls Road,Baltimore,MD,2011-06-08,266342.0,,Baltimore
41,1044 N. Broadway,1044 N. Broadway,Baltimore,MD,2011-07-18,149730.0,,Baltimore
42,1710 Barclay Street,1710 Barclay Street,Baltimore,MD,2011-07-18,388860.0,,Baltimore
43,1703 Barclay Street,1703 Barclay Street,Baltimore,MD,2011-07-20,388860.0,,Baltimore
44,637 Washington Blvd.,637 Washington Blvd.,Baltimore,MD,2011-08-22,425926.0,,Baltimore
45,1804 E. Lafayette Street,1804 E. Lafayette Street,Baltimore,MD,2011-09-14,194395.0,,Baltimore
46,715 S. Ann Street,715 S. Ann Street,Baltimore,MD,2011-09-26,326110.0,,Baltimore
47,205 East North Avenue,205 East North Avenue,Baltimore,MD,2011-11-14,270000.0,,Baltimore
48,1625 E. Preston Street,1625 E. Preston Street,Baltimore,MD,2011-11-22,188720.0,,Baltimore
49,1838 Rutland Avenue,1838 Rutland Avenue,Baltimore,MD,2011-11-22,189913.0,,Baltimore
50,Gamby House,1400-1402 Madison Avenue,Baltimore,MD,2011-12-19,130433.0,,Baltimore
51,The Calvert School,10 W. Chase Street,Baltimore,MD,2012-02-14,1004567.0,,Baltimore
52,319 West Mulberry Street,319 West Mulberry Street,Baltimore,MD,2012-03-26,233495.0,,Baltimore
53,Druid Mill,1500 Union Avenue,Baltimore,MD,2012-03-28,14600000.0,,Baltimore
54,2428 Jefferson Street,2428 Jefferson Street,Baltimore,MD,2012-04-17,197623.0,,Baltimore
55,1226 North Charles Street,1226 North Charles Street,Baltimore,MD,2012-05-14,1439317.0,,Baltimore
56,115 East Lafayette Street,115 East Lafayette Street,Baltimore,MD,2012-06-19,325000.0,,Baltimore
57,414 E. Lanvale Street,414 E. Lanvale Street,Baltimore,MD,2012-06-19,325000.0,,Baltimore
58,415 E. Lafayette Street,415 E. Lafayette Street,Baltimore,MD,2012-08-22,325000.0,,Baltimore
59,406 East Lanvale Street,406 East Lanvale Street,Baltimore,MD,2012-09-13,325000.0,,Baltimore
60,The Anneslie Apartments,1203-1205 North Charles Street,Baltimore,MD,2012-09-24,1750000.0,,Baltimore
61,1812 Guilford Avenue,1812 Guilford Avenue,Baltimore,MD,2012-11-01,412500.0,,Baltimore
62,1806 Guilford Avenue,1806 Guilford Avenue,Baltimore,MD,2012-11-01,363000.0,,Baltimore
63,332 E Federal Street,332 E Federal Street,Baltimore,MD,2012-11-15,125009.0,,Baltimore
64,338 E Federal Street,338 E Federal Street,Baltimore,MD,2012-11-15,125009.0,,Baltimore
65,1029 St. Paul Street,1029 St. Paul Street,Baltimore,MD,2013-02-01,478803.0,,Baltimore
66,1302 St. Paul Street,1302 St. Paul Street,Baltimore,MD,2013-03-18,1600000.0,,Baltimore
67,1216 W. Lombard Street,1216 W. Lombard Street,Baltimore,MD,2013-04-01,139626.0,,Baltimore
68,1304 St. Paul Street,1304 St. Paul Street,Baltimore,MD,2013-04-03,1600000.0,,Baltimore
69,Town Theatre,315 W. Fayette Street,Baltimore,MD,2013-04-10,15297270.0,,Baltimore
70,1232 North Broadway,1232 North Broadway,Baltimore,MD,2013-04-13,238749.0,,Baltimore
71,1234 North Broadway,1234 North Broadway,Baltimore,MD,2013-04-15,236612.0,,Baltimore
72,1230 North Broadway,1230 North Broadway,Baltimore,MD,2013-04-15,239119.0,,Baltimore
73,1236 North Broadway,1236 North Broadway,Baltimore,MD,2013-04-15,239151.0,,Baltimore
74,1510 E. Biddle Street,1510 E. Biddle Street,Baltimore,MD,2013-05-03,239307.0,,Baltimore
75,1226 N. Broadway,1226 N. Broadway,Baltimore,MD,2013-05-03,250583.0,,Baltimore
76,1242 N Broadway,1242 N Broadway,Baltimore,MD,2013-05-03,245022.0,,Baltimore
77,1254 N. Broadway,1254 N. Broadway,Baltimore,MD,2013-05-03,265065.0,,Baltimore
78,1246 N. Broadway,1246 N. Broadway,Baltimore,MD,2013-05-03,237573.0,,Baltimore
79,2127 Jefferson Street,2127 Jefferson Street,Baltimore,MD,2013-05-03,118936.0,,Baltimore
80,Public School No. 37,"1125 Patterson Park Avenue, North",Baltimore,MD,2013-06-13,5182014.0,,Baltimore
81,1709 Saint Paul Street,1709 Saint Paul Street,Baltimore,MD,2013-07-08,328892.0,,Baltimore
82,1027 St. Paul Street,1027 St. Paul Street,Baltimore,MD,2013-07-23,447815.0,,Baltimore
83,1025 St. Paul Street,1025 St. Paul Street,Baltimore,MD,2013-07-23,447815.0,,Baltimore
84,207 N. Castle Street,207 N. Castle Street,Baltimore,MD,2013-08-05,133814.0,,Baltimore
85,1225 North Broadway,1225 North Broadway,Baltimore,MD,2013-08-19,207809.0,,Baltimore
86,1605 E. Biddle Street,1605 E. Biddle Street,Baltimore,MD,2013-08-19,249041.0,,Baltimore
87,1610 E. Biddle Street,1610 E. Biddle Street,Baltimore,MD,2013-08-19,233285.0,,Baltimore
88,758 Reservoir Street,758 Reservoir Street,Baltimore,MD,2013-09-26,98244.0,,Baltimore
89,Chesapeake,1701 North Charles Street,Baltimore,MD,2013-09-26,2492464.0,,Baltimore
90,Montgomery Ward Warehouse & Retail,1000 S. Monroe Street,Baltimore,MD,2013-11-07,103878385.0,,Baltimore
91,Odd Fellows Hall,300 Cathedral Street,Baltimore,MD,2013-12-13,6667305.0,,Baltimore
92,329 North Eutaw Street,329 North Eutaw Street,Baltimore,MD,2013-12-13,842593.0,,Baltimore
93,Madison-Clendenin House,2220 Madison Ave.,Baltimore,MD,2014-03-11,60921.0,,Baltimore
94,The SEnator Theatre,5904 York Road,Baltimore,MD,2014-03-31,1760000.0,,Baltimore
95,756 Reservoir Street,756 Reservoir Street,Baltimore,MD,2014-03-31,131082.0,,Baltimore
96,Mount Vernon Mill No. 1,3000 Falls Road,Baltimore,MD,2014-04-03,38500000.0,,Baltimore
97,Oak Street Garage,2600 N. Howard Street,Baltimore,MD,2014-04-04,2313109.0,,Baltimore
98,219 E. North Avenue,219 E. North Avenue,Baltimore,MD,2014-04-04,294000.0,,Baltimore
99,Eastern Shore House Building,1621 Bank Street,Baltimore,MD,2014-04-07,3400000.0,,Baltimore
100,Highlandtown Middle School,101 South Ellwood Street,Baltimore,MD,2014-04-28,32000000.0,,Baltimore
101,Gunther Main Brewery (B-998),1311 S. Conkling Street,Baltimore,MD,2014-05-05,42000000.0,,Baltimore
102,Purnell Art Company,407 North Charles Street,Baltimore,MD,2014-05-12,1250000.0,,Baltimore
103,"Federal Reserve Bank Of Richmond, Baltimore Branch",114 East Lexington Street,Baltimore,MD,2014-06-02,15891050.0,,Baltimore
104,421 East Lafayette Avenue,421 East Lafayette Avenue,Baltimore,MD,2014-08-11,199167.0,,Baltimore
105,405 East Lafayette Avenue,405 East Lafayette Avenue,Baltimore,MD,2014-08-25,194318.0,,Baltimore
106,1629 Hakesley Place,1629 Hakesley Place,Baltimore,MD,2014-08-25,290602.0,,Baltimore
107,1525 East Biddle Street,1525 East Biddle Street,Baltimore City,MD,2014-08-25,2221757.0,,Baltimore
108,1216 North Bond Street,1216 North Bond Street,Baltimore City,MD,2014-08-25,167759.0,,Baltimore
109,Baltimore Life Insurance Company Building,301-307 N. Charles Street,Baltimore,MD,2014-09-29,14000000.0,,Baltimore
110,1639 Hakesley Place,1639 Hakesley Place,Baltimore,MD,2014-09-29,255463.0,,Baltimore
111,1239 North Broadway Street,1239 North Broadway Street,Baltimore,MD,2014-10-10,238109.0,,Baltimore
112,Public School No. 99 (The Columbus School),2000 East North Avenue,Baltimore,MD,2014-11-24,13700000.0,,Baltimore
113,The S.S. Kresge Building,117 West Lexington Street,Baltimore,MD,2014-12-03,937440.0,,Baltimore
114,Southworth House And Carriage House,3334 Prospect Avenue,Cleveland,OH,2009-03-18,2561589.0,,Cleveland
115,Wade Chateau Apartments,9501 Wade Park Avenue,Cleveland,OH,2009-05-01,7138748.0,,Cleveland
116,Mccrory Building,422-424 Euclid Avenue,Cleveland,OH,2009-09-28,2439630.0,,Cleveland
117,Petrie Plus Building,416 Euclid Avenue,Cleveland,OH,2009-09-28,975852.0,,Cleveland
118,Kresge Building,406 Euclid Ave. & E. 4th Street,Cleveland,OH,2009-09-28,1789062.0,,Cleveland
119,Prospect Building (Prospect Place Apts.),1040-1104 Prospect Avenue,Cleveland,OH,2009-11-27,6400000.0,,Cleveland
120,Sunshine Cloak Company Building,2310 Superior,Cleveland,OH,2010-01-19,3988386.0,,Cleveland
121,University Lofts (Scott A. Rogers Building),2020 Euclid Avenue,Cleveland,OH,2010-04-02,8350177.0,,Cleveland
122,University Lofts,2010 Euclid Avenue,Cleveland,OH,2010-04-02,1600202.0,,Cleveland
123,Capitol Theatre (Gordon Square Arcade),1400 West 65th Street,Cleveland,OH,2010-04-16,5852280.0,,Cleveland
124,Cogswell Hall,7200 Franklin Boulevard,Cleveland,OH,2010-04-16,4170569.0,,Cleveland
125,Union Gospel Press,2358-2412 West 7th Street,Cleveland,OH,2010-04-21,17658174.0,,Cleveland
126,Allerton Hotel,1802 East 13th Street,Cleveland,OH,2010-08-27,8905226.0,,Cleveland
127,The Atrium Building,"666-700 Euclid Avenue, 615-633 Prospect Avenue",Cleveland,OH,2010-11-23,55055275.0,,Cleveland
128,Terminal Tower,50 Public Square,Cleveland,OH,2010-12-21,46558367.0,,Cleveland
129,"Ford Motor Company Cleveland Plant, Cia - Mccollough Building",11610 Euclid Avenue,Cleveland,OH,2011-01-25,28414825.0,,Cleveland
130,Higbee Building,100 Public Square,Cleveland,OH,2011-02-17,44829620.0,,Cleveland
131,United Motor SErvice Building,4019 Prospect Avenue,Cleveland,OH,2011-02-24,5200000.0,,Cleveland
132,Central National Bank / United Office Building,2012 West 25th Street,Cleveland,OH,2011-02-24,11828442.0,,Cleveland
133,Baker Motor Vehicle Company Building,7100-7122 Euclid Avenue,Cleveland,OH,2011-02-24,6539343.0,,Cleveland
134,Shaker Square - Quad D,Shaker Blvd. At Moreland Blvd.,Cleveland,OH,2011-03-11,3250000.0,,Cleveland
135,Shaker Square - Quad C,Shaker Blvd. At Moreland,Cleveland,OH,2011-03-11,3250000.0,,Cleveland
136,Shaker Square - Quad B,Shaker Blvd At Moreland Blvd.,Cleveland,OH,2011-03-11,3250000.0,,Cleveland
137,Shaker Square - Quad A,Shaker Blvd. At Moreland Blvd.,Cleveland,OH,2011-03-11,3250000.0,,Cleveland
138,Cleveland Club / Tudor Arms,10660 Carnegie Avenue,Cleveland,OH,2011-08-22,20000000.0,,Cleveland
139,1341 East Boulevard,1341 East Boulevard,Cleveland,OH,2012-03-15,1465652.0,,Cleveland
140,Rockwell Building,1405 East Sixth Street,Cleveland,OH,2012-04-10,34000000.0,,Cleveland
141,Royal Furniture Company Building,1939 West 25th Street,Cleveland,OH,2012-05-09,3847174.0,,Cleveland
142,2038 East Fourth Street,2038 East Fourth Street,Cleveland,OH,2012-06-04,956000.0,,Cleveland
143,Kinney And Levan Building,1375 Euclid Avenue,Cleveland,OH,2012-06-29,50000000.0,,Cleveland
144,Doan School,1350 East 105th Street,Cleveland,OH,2012-08-09,9491000.0,,Cleveland
145,The Sylvia Building,6010 Franklin Boulevard,Cleveland,OH,2012-09-11,2091000.0,,Cleveland
146,The Union Building (University Plaza),1836 Euclid Avenue,Cleveland,OH,2013-03-01,15500000.0,,Cleveland
147,The Herman Building,2526 Market Avenue,Cleveland,OH,2013-03-08,855726.0,,Cleveland
148,Oppmann Terrace Building 5 Unit 113-116,11019 Detroit Avenue,Cleveland,OH,2013-04-19,2540000.0,,Cleveland
149,"Oppmann Terrace Building 4, Units 109-112",10119 Detroit Avenue,Cleveland,OH,2013-04-19,2540000.0,,Cleveland
150,"Oppmann Terrace Building 3, Units 93-108",10119 Detroit Avenue,Cleveland,OH,2013-04-19,2540000.0,,Cleveland
151,"Oppmann Terrace Building 2, Unit 69-92",10119 Detroit Avenue,Cleveland,OH,2013-04-19,2540000.0,,Cleveland
152,"Oppman Terrace Building 1, Unit 1-68",10119 Detroit Avenue,Cleveland,OH,2013-04-19,2540000.0,,Cleveland
153,Neal Terrace Unit 48,8811 Detroit Avenue,Cleveland,OH,2013-04-19,134042.0,,Cleveland
154,Neal Terrace Unit 46,8811 Detroit Avenue,Cleveland,OH,2013-04-19,134042.0,,Cleveland
155,Neal Terrace Unit 44,8811 Detroit Avenue,Cleveland,OH,2013-04-19,134042.0,,Cleveland
156,Neal Terrace Unit 42,8811 Detroit Avenue,Cleveland,OH,2013-04-19,134042.0,,Cleveland
157,Neal Terrace Unit 40,8811 Detroit Avenue,Cleveland,OH,2013-04-19,134042.0,,Cleveland
158,Neal Terrace Unit 38,8811 Detroit Avenue,Cleveland,OH,2013-04-19,134042.0,,Cleveland
159,Neal Terrace Unit 36,8811 Detroit Avenue,Cleveland,OH,2013-04-19,134042.0,,Cleveland
160,Neal Terrace Unit 34,8811 Detroit Avenue,Cleveland,OH,2013-04-19,134042.0,,Cleveland
161,Neal Terrace Unit 32,8811 Detroit Avenue,Cleveland,OH,2013-04-19,134042.0,,Cleveland
162,Neal Terrace Unit 30,8811 Detroit Avenue,Cleveland,OH,2013-04-19,134042.0,,Cleveland
163,Neal Terrace Unit 28,8811 Detroit Avenue,Cleveland,OH,2013-04-19,134042.0,,Cleveland
164,Neal Terrace Unit 26,8811 Detroit Avenue,Cleveland,OH,2013-04-19,134042.0,,Cleveland
165,Neal Terrace Unit 24,8811 Detroit Avenue,Cleveland,OH,2013-04-19,134042.0,,Cleveland
166,Neal Terrace Unit 22,8811 Detroit Avenue,Cleveland,OH,2013-04-19,134042.0,,Cleveland
167,Neal Terrace Unit 20,8811 Detroit Avenue,Cleveland,OH,2013-04-19,134042.0,,Cleveland
168,Neal Terrace Unit 18,8811 Detroit Avenue,Cleveland,OH,2013-04-19,134042.0,,Cleveland
169,Neal Terrace Unit 16,8811 Detroit Avenue,Cleveland,OH,2013-04-19,134042.0,,Cleveland
170,Neal Terrace Unit 14,8811 Detroit Avenue,Cleveland,OH,2013-04-19,134042.0,,Cleveland
171,Neal Terrace Unit 12,8811 Detroit Avenue,Cleveland,OH,2013-04-19,134042.0,,Cleveland
172,Neal Terrace Unit 10,8811 Detroit Avenue,Cleveland,OH,2013-04-19,134042.0,,Cleveland
173,Neal Terrace Unit 8,8811 Detroit Avenue,Cleveland,OH,2013-04-19,134042.0,,Cleveland
174,Neal Terrace Unit 6,8811 Detroit Avenue,Cleveland,OH,2013-04-19,134042.0,,Cleveland
175,Neal Terrace Unit 4,8811 Detroit Avenue,Cleveland,OH,2013-04-19,134042.0,,Cleveland
176,Neal Terrace Unit 2,8811 Detroit Avenue,Cleveland,OH,2013-04-19,134042.0,,Cleveland
177,Neal Terrace Unit 47,8811 Detroit Avenue,Cleveland,OH,2013-04-19,134042.0,,Cleveland
178,Neal Terrace Unit 45,8811 Detroit Avenue,Cleveland,OH,2013-04-19,134042.0,,Cleveland
179,Neal Terrace Unit 43,8811 Detroit Avenue,Cleveland,OH,2013-04-19,134042.0,,Cleveland
180,Neal Terrace Unit 41,8811 Detroit Avenue,Cleveland,OH,2013-04-19,134042.0,,Cleveland
181,Neal Terrace Unit 39,8811 Detroit Avenue,Cleveland,OH,2013-04-19,134042.0,,Cleveland
182,Neal Terrace Unit 37,8811 Detroit Avenue,Cleveland,OH,2013-04-19,134042.0,,Cleveland
183,Neal Terrace Unit 35,8811 Detroit Avenue,Cleveland,OH,2013-04-19,134042.0,,Cleveland
184,Neal Terrace Unit 33,8811 Detroit Avenue,Cleveland,OH,2013-04-19,134042.0,,Cleveland
185,Neal Terrace Unit 31,8811 Detroit Avenue,Cleveland,OH,2013-04-19,134042.0,,Cleveland
186,Neal Terrace Unit 29,8811 Detroit Avenue,Cleveland,OH,2013-04-19,134042.0,,Cleveland
187,Neal Terrace Unit 27,8811 Detroit Avenue,Cleveland,OH,2013-04-19,134042.0,,Cleveland
188,Neal Terrace Unit 25,8811 Detroit Avenue,Cleveland,OH,2013-04-19,134042.0,,Cleveland
189,Neal Terrace Unit 23,8811 Detroit Avenue,Cleveland,OH,2013-04-19,134042.0,,Cleveland
190,Neal Terrace Unit 21,8811 Detroit Avenue,Cleveland,OH,2013-04-19,134042.0,,Cleveland
191,Neal Terrace Unit 19,8811 Detroit Avenue,Cleveland,OH,2013-04-19,134042.0,,Cleveland
192,Neal Terrace Unit 17,8811 Detroit Avenue,Cleveland,OH,2013-04-19,134042.0,,Cleveland
193,Neal Terrace Unit 15,8811 Detroit Avenue,Cleveland,OH,2013-04-19,134042.0,,Cleveland
194,Neal Terrace Unit 13,8811 Detroit Avenue,Cleveland,OH,2013-04-19,134042.0,,Cleveland
195,Neal Terrace Unit 11,8811 Detroit Avenue,Cleveland,OH,2013-04-19,134042.0,,Cleveland
196,Neal Terrace Unit 9,8811 Detroit Avenue,Cleveland,OH,2013-04-19,134042.0,,Cleveland
197,Neal Terrace Unit 7,8811 Detroit Avenue,Cleveland,OH,2013-04-19,134042.0,,Cleveland
198,Neal Terrace Unit 5,8811 Detroit Avenue,Cleveland,OH,2013-04-19,134042.0,,Cleveland
199,Neal Terrace Unit 3,8811 Detroit Avenue,Cleveland,OH,2013-04-19,134042.0,,Cleveland
200,Neal Terrace Unit 1,8811 Detroit Avenue,Cleveland,OH,2013-04-19,134042.0,,Cleveland
201,Dr. William Gifford House & Carriage House,3047 Prospect Avenue,Cleveland,OH,2013-04-29,576389.0,,Cleveland
202,Edwin Hotel,1303 Prospect Avenue,Cleveland,OH,2013-05-31,2111086.0,,Cleveland
203,Athens Pastries Building,2545 Lorain Avenue,Cleveland,OH,2013-08-16,965000.0,,Cleveland
204,Lang Furniture Building,9431 Lorain Avenue,Cleveland,OH,2013-08-28,5500000.0,,Cleveland
205,Cowell & Hubbard Building,1301-1309 Euclid Avenue,Cleveland,OH,2013-10-30,6392000.0,,Cleveland
206,New England Building,"617-637 Euclid Avenue, 614-626 Vincent Avenue",Cleveland,OH,2013-11-25,13500000.0,,Cleveland
207,Sovereign Hotel (University Tower Apartments),1575 East Boulevard,Cleveland,OH,2013-12-04,22125000.0,,Cleveland
208,Woodland Avenue & West Side Railroad Powerhouse,2000 Sycamore Street,Cleveland,OH,2013-12-26,10609000.0,,Cleveland
209,Hanna Building Complex,1400-1438 Euclid Avenue,Cleveland,OH,2014-01-21,56000000.0,,Cleveland
210,Krause Building,2042-2044 East 4th Street,Cleveland,OH,2014-01-24,2000000.0,,Cleveland
211,Wigmore Coliseum / Euclid Square Garage,1901 East 13th Street,Cleveland,OH,2014-02-25,22441880.0,,Cleveland
212,F.W. Woolworth Building (Haig-Avedisian Building),1317 Euclid Avenue,Cleveland,OH,2014-03-19,4196958.0,,Cleveland
213,The Rialto Theater Building,1867-1873 West 25th Street,Cleveland,OH,2014-04-11,3796580.0,,Cleveland
214,Hertel Dry Goods / Danzinger SEwing Machines,3900-04 Lorain Avenue,Cleveland,OH,2014-06-25,339000.0,,Cleveland
215,M.T. Silver Building,2320 Superior Avenue,Cleveland,OH,2014-09-10,8996600.0,,Cleveland
216,Globe Machine And Stamping Company,1250 West 76th Street,Cleveland,OH,2014-12-30,12000000.0,,Cleveland
217,The Whittier Hotel,415 Burns Street,Detroit,MI,2009-02-24,18900000.0,,Detroit
218,Iodent Building,2233 Park Avenue,Detroit,MI,2009-02-24,7350000.0,,Detroit
219,Caille Brothers Building,6200 SEcond Avenue,Detroit,MI,2009-02-26,12112111.0,,Detroit
220,Hotel Fort Shelby,525 West Lafayette,Detroit,MI,2009-07-22,83390000.0,,Detroit
221,Gillman House,61 Peterboro,Detroit,MI,2009-11-26,1330942.0,,Detroit
222,Odd Fellows Hall,8701-8711 West Vernor Highway,Detroit,MI,2009-12-07,4229361.0,,Detroit
223,Louise Spencer House,39 Peterboro Street,Detroit,MI,2009-12-10,1251578.0,,Detroit
224,52 East Forest,52 East Forest,Detroit,MI,2010-04-28,2370653.0,,Detroit
225,General Motors Research Laboratory,485 & 495 Milwaukee Avenue,Detroit,MI,2010-07-27,125821466.0,,Detroit
226,Lafer Building,1323-1325 Broadway Avenue,Detroit,MI,2010-10-21,4278748.0,,Detroit
227,Beethoven Apartments,4474 Third Avenue,Detroit,MI,2010-11-23,4186591.0,,Detroit
228,Garfield Manor Apartments,71 Garfield Avenue,Detroit,MI,2011-04-22,7640753.0,,Detroit
229,4107 Cass Avenue,4107 Cass Avenue,Detroit,MI,2011-12-29,819201.0,,Detroit
230,Second & Lothrop Apartment Building,"7409, 7411, 7415 &7417 SEcond Avenue",Detroit,MI,2012-04-05,1049839.0,,Detroit
231,Standard Oil Company Gas SErvice Station,3169 Woodward,Detroit,MI,2012-04-20,457526.0,,Detroit
232,Newberry Hall,100 East Willis,Detroit,MI,2012-06-01,5802464.0,,Detroit
233,Parker Pharmacy,3961-65 Woodward Avenue,Detroit,MI,2012-09-19,896775.0,,Detroit
234,The David Broderick Tower,10 Witherell,Detroit,MI,2013-02-21,52300000.0,,Detroit
235,Detroit Candy Company Building,1528 Gratiot Avenue,Detroit,MI,2013-05-23,816333.0,,Detroit
236,Sherbrooke Apartments,615-617 W. Hancock,Detroit,MI,2013-05-24,2371259.0,,Detroit
237,Michigan Bell & Western Electric Warehouse,882 Oakman Boulevard (Aka 14300 Woodrow Wilson),Detroit,MI,2013-09-20,39944793.0,,Detroit
238,Sheldor Apartments,1025 NEwport,Detroit,MI,2013-11-06,2812327.0,,Detroit
239,Chalmers Building,14436 E. Jefferson Avenue,Detroit,MI,2013-11-07,2959932.0,,Detroit
240,La Vogue Apartments,225 Merton Road,Detroit,MI,2013-11-07,4941621.0,,Detroit
241,Chase Tower,611 Woodward,Detroit,MI,2013-11-26,36000000.0,,Detroit
242,Kensington Apartments,1085 Van Dyke,Detroit,MI,2013-12-11,4296289.0,,Detroit
243,Crestwood Apartments,1099 Van Dyke,Detroit,MI,2013-12-13,4296288.0,,Detroit
244,Charles Rischert Bakery,2919-21 Woodward Avenue,Detroit,MI,2014-06-30,1404193.0,,Detroit
245,Garden Theater,3933 Woodward Avenue,Detroit,MI,2014-06-30,7957095.0,,Detroit
246,E & B Brewery Lofts,1551 Winder,Detroit,MI,2014-10-10,6053531.0,,Detroit
247,Brentwood Apartments,487 Prentis,Detroit,MI,2014-11-18,1659170.0,,Detroit
248,The SEcurity Trust Company Building,735 Griswold,Detroit,MI,2014-12-03,2295893.0,,Detroit
249,502 West North Avenue,502 West North Avenue,Pittsburgh,PA,2009-02-02,405966.0,,Pittsburgh
250,The Blacksmith Shop,900 Middle Street,Pittsburgh,PA,2009-02-05,76000.0,,Pittsburgh
251,924 Mellon Street,924 Mellon Street,Pittsburgh,PA,2009-07-29,678025.0,,Pittsburgh
252,825 N. NEgley Avenue,825 N. NEgley Avenue,Pittsburgh,PA,2009-07-29,683081.0,,Pittsburgh
253,5701 Jackson Street,5701 Jackson Street,Pittsburgh,PA,2009-07-29,686833.0,,Pittsburgh
254,5700-5704 Jackson Street,5700-5704 Jackson Street,Pittsburgh,PA,2009-07-29,1723383.0,,Pittsburgh
255,Springfield School,3080 Smallman Street,Pittsburgh,PA,2010-02-02,2770000.0,,Pittsburgh
256,Century Building,130 SEventh Street,Pittsburgh,PA,2010-03-03,13479043.0,,Pittsburgh
257,1505-07 East Carson Street,1505-07 East Carson Street,Pittsburgh,PA,2010-04-02,3412544.0,,Pittsburgh
258,Regal Shoe Building,160 5th Avenue,Pittsburgh,PA,2010-04-07,750000.0,,Pittsburgh
259,491 Market Street,491 Market Street,Pittsburgh,PA,2010-04-07,1450000.0,,Pittsburgh
260,489 Market Street,489 Market Street,Pittsburgh,PA,2010-04-07,1450000.0,,Pittsburgh
261,1728 Brighton Place,1728 Brighton Place,Pittsburgh,PA,2010-12-15,68156.0,,Pittsburgh
262,Willis Mccook House,5105 Fifth Avenue,Pittsburgh,PA,2011-07-26,4041796.0,,Pittsburgh
263,Buhl Building,200 Fifth Street,Pittsburgh,PA,2011-10-04,2905226.0,,Pittsburgh
264,5801 Bryant Street,5801 Bryant Street,Pittsburgh,PA,2012-03-27,2013809.0,,Pittsburgh
265,The Bell Telephone Company Of Pa Western Headquarters Building,201 Stanwix Street,Pittsburgh,PA,2012-04-20,30000000.0,,Pittsburgh
266,Park Place School (Environmental Charter School),309 South Braddock Avenue,Pittsburgh,PA,2012-09-05,2272390.0,,Pittsburgh
267,Candyrama Former Adam Hats,212 - 5th Avenue,Pittsburgh,PA,2012-10-12,1097222.0,,Pittsburgh
268,"Former D&K Store, Former Exchange National Bank",240 Fifth Avenue,Pittsburgh,PA,2012-10-12,4990312.0,,Pittsburgh
269,Headgear,214-216 Fifth Avenue,Pittsburgh,PA,2012-10-12,1346585.0,,Pittsburgh
270,Former G.C. Murphy Store #12,"220-232 Fifth Avenue, 211-227 Forbes Avenue",Pittsburgh,PA,2012-10-12,28547665.0,,Pittsburgh
271,Former Fifth Avenue High School,1800 Fifth Avenue,Pittsburgh,PA,2013-02-20,10000000.0,,Pittsburgh
272,908-910 Penn Avenue,908-910 Penn Avenue,Pittsburgh,PA,2013-10-28,5500000.0,,Pittsburgh
273,Select Furniture Company Building,526-536 Penn Avenue,Pittsburgh,PA,2013-12-03,14000000.0,,Pittsburgh
274,Highland Building,121 S. Highland Avenue,Pittsburgh,PA,2013-12-03,13500000.0,,Pittsburgh
275,Former Pittsburgh Mercantile Company,2600 East Carson Street,Pittsburgh,PA,2014-01-03,26913155.0,,Pittsburgh
276,Wallace Building,S. Highland Avenue And Penn Circle South,Pittsburgh,PA,2014-01-08,4100000.0,,Pittsburgh
277,Bellefield Dwellings,4400 Centre Avenue,Pittsburgh,PA,2014-01-13,8051234.0,,Pittsburgh
278,500 Smithfield Street,500 Smithfield Street,Pittsburgh,PA,2014-02-27,30000000.0,,Pittsburgh
279,Clark Building,701-717 Liberty Avenue,Pittsburgh,PA,2014-09-16,30000000.0,,Pittsburgh
280,1905 Utah Street,1905 Utah Street,St. Louis,MO,2009-01-05,1075178.0,,St. Louis
281,1901 Utah Street,1901 Utah Street,St. Louis,MO,2009-01-05,1075178.0,,St. Louis
282,3604 North 25th Street,3604 North 25th Street,St. Louis,MO,2009-01-05,253824.0,,St. Louis
283,2301 Salisbury Avenue,2301 Salisbury Avenue,St. Louis,MO,2009-01-05,548502.0,,St. Louis
284,3802 North 25th Street,3802 North 25th Street,St. Louis,MO,2009-01-05,302746.0,,St. Louis
285,2318-20 Salisbury Avenue,2318-20 Salisbury Avenue,St. Louis,MO,2009-01-05,472991.0,,St. Louis
286,3717 North 25th Street,3717 North 25th Street,St. Louis,MO,2009-01-05,335629.0,,St. Louis
287,6627 Michigan,6627 Michigan,St. Louis,MO,2009-01-06,226000.0,,St. Louis
288,3318 Salena,3318 Salena,St. Louis,MO,2009-01-15,249086.0,,St. Louis
289,Everett Square,354-358 N. Boyle,St. Louis,MO,2009-01-21,1200000.0,,St. Louis
290,4525 Oakland Avenue,4525 Oakland Avenue,St. Louis,MO,2009-01-29,100000.0,,St. Louis
291,1009 Geyer,1009 Geyer,St. Louis,MO,2009-01-30,0.0,,St. Louis
292,1007 Geyer,1007 Geyer,St. Louis,MO,2009-01-30,102265.0,,St. Louis
293,Preservation Hall,1921 S. Ninth St,St. Louis,MO,2009-02-05,2037374.0,,St. Louis
294,Two-Family Building,2249 Shenandoah Street,St. Louis,MO,2009-02-09,145278.0,,St. Louis
295,1224 Washington Avenue,1224 Washington Avenue,St. Louis,MO,2009-02-12,7193395.0,,St. Louis
296,2920 Wyoming Street,2920 Wyoming Street,St. Louis,MO,2009-02-19,103452.0,,St. Louis
297,4301 Mcree Avenue,4301 Mcree Avenue,St. Louis,MO,2009-02-26,456870.0,,St. Louis
298,"Greater Fourteenth Street Mall Apartments ""B""",1308 Montgomery Street,St. Louis,MO,2009-02-27,160287.0,,St. Louis
299,Greater Fourteenth Street Mall Apartments,1316 Warren Street,St. Louis,MO,2009-02-27,160287.0,,St. Louis
300,Greater Fourteenth Street Mall Apartments,1414 Warren Street,St. Louis,MO,2009-02-27,314270.0,,St. Louis
301,Greater Fourteenth Street Mall Apartments,1310 Warren Street,St. Louis,MO,2009-02-27,300800.0,,St. Louis
302,Greater Fourteenth Street Mall Apartments,1314-16 Warren Street,St. Louis,MO,2009-02-27,160287.0,,St. Louis
303,Greater Fourteenth Street Mall Apartments,2817 North 14th Street,St. Louis,MO,2009-02-27,388650.0,,St. Louis
304,Greater Fourteenth Street Mall Apartments,1308 Montgomery Street,St. Louis,MO,2009-02-27,160287.0,,St. Louis
305,Greater Fourteenth Street Mall Apartments,2423 Blair Street,St. Louis,MO,2009-02-27,379550.0,,St. Louis
306,Greater Fourteenth Street Mall Apartments,1418-20 St. Louis Avenue,St. Louis,MO,2009-02-27,309800.0,,St. Louis
307,Greater Fourteenth Street Mall Apartments,1420 Warren Street,St. Louis,MO,2009-03-03,339820.0,,St. Louis
308,Greater Fourteenth Street Mall Apartments,2822 North 14th Street,St. Louis,MO,2009-03-19,199325.0,,St. Louis
309,Greater Fourteenth Street Mall Apartments,2826 North 14th Street,St. Louis,MO,2009-03-19,392900.0,,St. Louis
310,Greater Fourteenth Street Mall Apartments,2605 Rear North 14th Street,St. Louis,MO,2009-03-19,568800.0,,St. Louis
311,Greater Fourteenth Street Mall Apartments,2820-22 North 14th Street,St. Louis,MO,2009-03-19,199325.0,,St. Louis
312,Greater Fourteenth Street Mall Apartments,2828-30 North 14th Street,St. Louis,MO,2009-03-19,518900.0,,St. Louis
313,Greater Fourteenth Street Mall Apartments,2718-20 Blair,St. Louis,MO,2009-03-19,554600.0,,St. Louis
314,Greater Fourteenth Street Mall,2824-26 North 14th Street,St. Louis,MO,2009-03-19,392900.0,,St. Louis
315,Greater Fourteenth Street Mall Apartments,2712-14 North 14th Street,St. Louis,MO,2009-04-06,8987000.0,,St. Louis
316,Greater Fourteenth Street Mall,2711 North 14th Street,St. Louis,MO,2009-04-06,6497000.0,,St. Louis
317,Commercial Building,2831 Cherokee Street,St. Louis,MO,2009-04-09,499999.0,,St. Louis
318,Cupples Station Building #1,1000 Clark Avenue,St. Louis,MO,2009-04-10,17363000.0,,St. Louis
319,Sidney Street & I-55,1814 Sidney Street,St. Louis,MO,2009-04-17,569429.0,,St. Louis
320,3019 Chippewa House,3019 Chippewa House,St. Louis,MO,2009-04-23,137143.0,,St. Louis
321,3504 Illinois Ave.,3504 Illinois Ave.,St. Louis,MO,2009-04-23,111975.0,,St. Louis
322,1224-1226 Ann,1224-1226 Ann,St. Louis,MO,2009-04-23,421000.0,,St. Louis
323,St. Louis Post - Dispatch Building,1139 Olive Street,St. Louis,MO,2009-04-24,11432506.0,,St. Louis
324,Ivory Corner,7700 Ivory,St. Louis,MO,2009-04-27,509529.0,,St. Louis
325,Diamond Rubber Company,3001-3003 Locust,St. Louis,MO,2009-05-14,3883000.0,,St. Louis
326,3910-B Detonty Street,3910-B Detonty Street,St. Louis,MO,2009-05-15,195253.0,,St. Louis
327,3910-A Detonty Street,3910-A Detonty Street,St. Louis,MO,2009-05-15,195253.0,,St. Louis
328,5874 Delmar Boulevard,5874 Delmar Boulevard,St. Louis,MO,2009-05-15,334489.0,,St. Louis
329,3816 North 25th Street,3816 North 25th Street,St. Louis,MO,2009-05-15,306284.0,,St. Louis
330,Wichita Apartment Building,4500 Wichita,St. Louis,MO,2009-05-19,181000.0,,St. Louis
331,Commercial Building,908 Lafayette,St. Louis,MO,2009-05-26,940000.0,,St. Louis
332,4066 Detonty Street,4066 Detonty Street,St. Louis,MO,2009-05-26,389239.0,,St. Louis
333,1818 Lawrence Street,1818 Lawrence Street,St. Louis,MO,2009-06-01,340723.0,,St. Louis
334,Edwin F. Guth Company Complex (G.E.W. Building),2615 Washington Boulevard,St. Louis,MO,2009-06-01,17702000.0,,St. Louis
335,4000-04 Flad,4000-04 Flad,St. Louis,MO,2009-06-10,244781.0,,St. Louis
336,Field School,4466 Olive Street,St. Louis,MO,2009-06-12,6107032.0,,St. Louis
337,4454 Oakland Avenue,4454 Oakland Avenue,St Louis,MO,2009-06-22,218727.0,,St. Louis
338,4188 Manchester Avenue,4188 Manchester Avenue,St. Louis,MO,2009-06-22,386795.0,,St. Louis
339,Kuenstler Verein,1824-1826 Chouteau Avenue,St. Louis,MO,2009-06-24,572253.0,,St. Louis
340,Shenandoah - B,3836 Shenandoah Aenue,St. Louis,MO,2009-06-25,175000.0,,St. Louis
341,Shenandoah - A,3836 Shenandoah Avenue,St. Louis,MO,2009-06-25,175000.0,,St. Louis
342,3867 Shaw Boulevard,3867 Shaw Boulevard,St. Louis,MO,2009-06-29,887609.0,,St. Louis
343,3906 Detonty,3906 Detonty,St. Louis,MO,2009-07-02,391936.0,,St. Louis
344,3546 S. Broadway,3546 S. Broadway,St. Louis,MO,2009-07-15,296000.0,,St. Louis
345,3544 S. Broadway,3544 S. Broadway,St. Louis,MO,2009-07-15,296000.0,,St. Louis
346,Oehler Brick Buildings,3542 S. Broadway,St. Louis,MO,2009-07-15,296000.0,,St. Louis
347,5017 Washington Place,5017 Washington Place,St. Louis,MO,2009-07-15,3266850.0,,St. Louis
348,1819 Lawrence Street,1819 Lawrence Street,St. Louis,MO,2009-07-15,261659.0,,St. Louis
349,Forest Park Hall Building,4512-14 Manchester,St. Louis,MO,2009-07-17,2601722.0,,St. Louis
350,Benton Park District,3316 Salena Street,St. Louis,MO,2009-07-17,115219.0,,St. Louis
351,1907 Sidney Street,1907 Sidney Street,St. Louis,MO,2009-07-22,180000.0,,St. Louis
352,The Municpal SErvice Building Complex - The Power House,1106 Clark Street,St. Louis,MO,2009-07-27,6500000.0,,St. Louis
353,1209 Dolman Street,1209 Dolman Street,St. Louis,MO,2009-07-27,609000.0,,St. Louis
354,Monkey Building,1426-1430 Washington Avenue,St. Louis,MO,2009-08-17,2863944.0,,St. Louis
355,4060-64 Detonty Street,4060-64 Detonty Street,St.Louis,MO,2009-08-20,444145.0,,St. Louis
356,4501-03 Manchester Avenue,4501-03 Manchester Avenue,St. Louis,MO,2009-08-31,1368242.0,,St. Louis
357,Residence,3542 Compton Ave.,St. Louis,MO,2009-09-07,61843.0,,St. Louis
358,2758 Armand,2758 Armand,St. Louis,MO,2009-09-08,114108.0,,St. Louis
359,1712 S. 10th Street,1712 S. 10th Street,St. Louis,MO,2009-09-08,125338.0,,St. Louis
360,General Compressed Air House Cleaning Company Building,4436 Olive,St. Louis,MO,2009-09-14,322000.0,,St. Louis
361,South Side National Bank,3606 Gravois Avenue,St. Louis,MO,2009-09-18,3473273.0,,St. Louis
362,7529 Michigan Avenue,7529 Michigan Avenue,St. Louis,MO,2009-09-28,600000.0,,St. Louis
363,3717-21 Westminister Place,3717-21 Westminister Place,St. Louis,MO,2009-10-01,19224440.0,,St. Louis
364,1911 Locust Street,1911 Locust Street,St. Louis,MO,2009-10-05,1500000.0,,St. Louis
365,Parker Place Lofts,1808 Chouteau Avenue,St. Louis,MO,2009-10-30,2359034.0,,St. Louis
366,3423 19th St.,3423 19th St.,St. Louis,MO,2009-10-30,130000.0,,St. Louis
367,3518-20 Iowa,3518-20 Iowa,St. Louis,MO,2009-11-02,140000.0,,St. Louis
368,Bel Air Motel,4630 Lindell,St. Louis,MO,2009-11-02,10800000.0,,St. Louis
369,6062 Cates Avenue,6062 Cates Avenue,St. Louis,MO,2009-11-02,3495000.0,,St. Louis
370,Murphy Dry Goods Company Building,4260 Manchester Avenue,St. Louis,MO,2009-11-16,257000.0,,St. Louis
371,1624-26 Tower Grove Avenue,1624-26 Tower Grove Avenue,St. Louis,MO,2009-11-16,450000.0,,St. Louis
372,The SEcurity Building,319 North Fourth Street,St. Louis,MO,2009-11-16,6932716.0,,St. Louis
373,International Shoe Company Building,1501-1509 Washington Avenue,St. Louis,MO,2009-11-25,3000000.0,,St. Louis
374,6603-05 Michigan,6603-05 Michigan,St. Louis,MO,2009-12-01,318000.0,,St. Louis
375,2421 South 12th Street,2421 South 12th Street,St. Louis,MO,2009-12-03,291765.0,,St. Louis
376,2419 South 12th Street,2419 South 12th Street,St. Louis,MO,2009-12-03,285922.0,,St. Louis
377,Commercial Building,2730 Mcnair,St. Louis,MO,2009-12-15,398000.0,,St. Louis
378,Lindenwood School Apartments,"7018 Mardel & 3815 Mccausland, Units 8,9,10,11,12,13,14,18,20",St. Louis,MO,2009-12-16,2200000.0,,St. Louis
379,Greater Fourteenth Street Mall,2612-24 North 14th Street,St. Louis,MO,2010-01-11,1287320.0,,St. Louis
380,Thomas Furniture,2700-10 North 14th Street,St. Louis,MO,2010-01-11,1056680.0,,St. Louis
381,Parks Drug Company Building,2718-20 North 14th Street,St. Louis,MO,2010-01-11,792440.0,,St. Louis
382,2717 North 14th Street,2717 North 14th Street,St. Louis,MO,2010-01-11,412751.0,,St. Louis
383,Hartman Shoe Co./ One Cent Furniture,2703-07 North 14th Street,St. Louis,MO,2010-01-11,897043.0,,St. Louis
384,Eugene Building,2617-21 N. 14th Street,St. Louis,MO,2010-01-11,1590359.0,,St. Louis
385,Peters Dry Goods & Clothing Co. Building,2600-10 North 14th Street,St. Louis,MO,2010-01-11,3336782.0,,St. Louis
386,Greater Fourteenth Street Mall,2601-03 North 14th Street,St. Louis,MO,2010-01-11,1420447.0,,St. Louis
387,Kassing-Goosen House Furnishing Company,2607-09 North 14th Street,St. Louis,MO,2010-01-11,1365752.0,,St. Louis
388,Greater Fourteenth Street Mall (Historic Later Rubenstein's Dry Goods),2611 North 14th Street,St. Louis,MO,2010-01-11,465893.0,,St. Louis
389,4370 Manchester,4370 Manchester,St. Louis,MO,2010-01-15,220963.0,,St. Louis
390,Carondelet School,8221 Minnesota,St. Louis,MO,2010-01-15,2532727.0,,St. Louis
391,Whittaker & Weber Co.; American Stove & Queensware Company,2605 North 14th Street,St. Louis,MO,2010-01-15,840132.0,,St. Louis
392,Melrose Apartments,"210,214,218 North Sarth, 4065 West Pine",St. Louis,MO,2010-01-19,5700000.0,,St. Louis
393,2312 S. 10th Street,2312 S. 10th Street,St. Louis,MO,2010-02-01,448103.0,,St. Louis
394,Wrought Iron Range Building,1901-37 Washington,St. Louis,MO,2010-02-03,24000000.0,,St. Louis
395,4344 Gibson Avenue,4344 Gibson Avenue,St. Louis,MO,2010-02-16,322327.0,,St. Louis
396,3301 & 3305 Park Avenue,3301 & 3305 Park Avenue,St. Louis,MO,2010-02-26,3317157.0,,St. Louis
397,3500 S. Compton Ave.,3500 S. Compton Ave.,St. Louis,MO,2010-03-02,27731.0,,St. Louis
398,Pedigo Weber Shoe Company Building,3427-3441 Locust Street,St. Louis,MO,2010-03-02,9302000.0,,St. Louis
399,John Milhoff Commercial Building,758 South 4th Street,St. Louis,MO,2010-03-08,933333.0,,St. Louis
400,Michael Pfieffer Barber Shop,319 Gratoit Street,St. Louis,MO,2010-03-08,933333.0,,St. Louis
401,William Hoerr Commercial Building,756 South 4th Street,St. Louis,MO,2010-03-08,933333.0,,St. Louis
402,2430 Hickory Street,2430 Hickory Street,St. Louis,MO,2010-03-16,341400.0,,St. Louis
403,Ramsey Accessories Manufacturing Company,3693 Forest Park,St. Louis,MO,2010-03-17,9000000.0,,St. Louis
404,Riewe Terrace,3555-3559 California,St. Louis,MO,2010-03-25,426649.0,,St. Louis
405,3524 Compton Ave,3524 Compton Ave,St. Louis,MO,2010-04-01,75000.0,,St. Louis
406,Council Plaza- Union Plaza Building,300 S Grand,St. Louis,MO,2010-04-01,35000000.0,,St. Louis
407,Robert E. Lee Hotel,205 N. 18th St.,St. Louis,MO,2010-04-02,16000000.0,,St. Louis
408,Geyer Avenue Condominum Association Phase II,1916-20 Geyer Ave.,St. Louis,MO,2010-04-02,1100000.0,,St. Louis
409,4301 Arco Avenue,4301 Arco Avenue,St. Louis,MO,2010-04-06,714600.0,,St. Louis
410,Central Shoe Building,1635 Washington Avenue,St. Louis,MO,2010-04-06,12890715.0,,St. Louis
411,1214 Mackay,1214 Mackay,St. Louis,MO,2010-04-16,59970.0,,St. Louis
412,3407-09 California,3407-09 California,St. Louis,MO,2010-04-16,800000.0,,St. Louis
413,4322 Gibson Avenue,4322 Gibson Avenue,St. Louis,MO,2010-04-16,286391.0,,St. Louis
414,Goodyear Tire And Rubber Company Building,3010-3012 Locust,St. Louis,MO,2010-04-20,2138000.0,,St. Louis
415,Gillham Motor Corporation Building,3016-3018 Locust Street,St. Louis,MO,2010-04-20,2800000.0,,St. Louis
416,Proper Shoe Building,2710-16 Cherokee,St. Louis,MO,2010-05-12,171290.0,,St. Louis
417,Becker Lehman Sales Company Building,3043 Olive,St. Louis,MO,2010-07-07,287000.0,,St. Louis
418,The Fulton Bag Company Buildings,614-616 South SEventh Street,St. Louis,MO,2010-07-07,4080000.0,,St. Louis
419,Roberts Orpheum Theater (Aka American Theater),412-416 N. 9th Street,St. Louis,MO,2010-07-08,6002070.0,,St. Louis
420,3214 Miami Street,3214 Miami Street,St. Louis,MO,2010-07-08,29758.0,,St. Louis
421,4162-68 Manchester,4162-68 Manchester,St. Louis,MO,2010-07-09,842437.0,,St. Louis
422,2317-2319 Indiana,2317-2319 Indiana,St. Louis,MO,2010-07-09,198215.0,,St. Louis
423,4206 Choteau,4206 Choteau,St. Louis,MO,2010-07-23,175000.0,,St. Louis
424,3147 Locust Street,3147 Locust Street,St. Louis,MO,2010-07-29,1025516.0,,St. Louis
425,Kardell Motor Car Company,3141 Locust Street,St. Louis,MO,2010-07-29,3433252.0,,St. Louis
426,2742-44 Osage,2742-44 Osage,St. Louis,MO,2010-08-17,237167.0,,St. Louis
427,Two Family House,5070 Waterman Boulevard,St. Louis,MO,2010-08-27,2220000.0,,St. Louis
428,710 Ann Ave.,710 Ann Ave.,St. Louis,MO,2010-09-07,116000.0,,St. Louis
429,H. Knight Building,1122 Washington Avenue,St. Louis,MO,2010-09-09,2500000.0,,St. Louis
430,1015 Washington,1015 Washington,St. Louis,MO,2010-09-13,10200000.0,,St. Louis
431,"1007, 1009-1013 Washington Avenue","1007, 1009-1013 Washington Avenue",St. Louis,MO,2010-09-17,10200000.0,,St. Louis
432,Apartment Building,1704 Nicholson Place,St. Louis,MO,2010-09-17,242632.0,,St. Louis
433,Two Family Flat,4541 Oakland,St. Louis,MO,2010-09-17,143907.0,,St. Louis
434,Polar Wave Ice & Fuel Company,2200-28 Gravois Ave,St. Louis,MO,2010-10-18,10800000.0,,St. Louis
435,Seventh District Police Station,2800 S. Grand Avenue,St. Louis,MO,2010-11-04,2700000.0,,St. Louis
436,Taylor Building,1129 St. Charles St.,St. Louis,MO,2010-11-04,1910930.0,,St. Louis
437,Taylor Building,1128 Washington Avenue,St. Louis,MO,2010-11-04,1910930.0,,St. Louis
438,Ford Apartments,1405 Pine Street,St. Louis,MO,2010-11-18,8855303.0,,St. Louis
439,3458 Utah Street,3458 Utah Street,St. Louis,MO,2010-11-19,475380.0,,St. Louis
440,4244 Chouteau Avenue,4244 Chouteau Avenue,St. Louis,MO,2010-11-23,4011581.0,,St. Louis
441,4306 Manchester Avenue,4306 Manchester Avenue,St. Louis,MO,2010-11-26,612137.0,,St. Louis
442,3100 Gravois,3100 Gravois,St. Louis,MO,2010-12-08,1096901.0,,St. Louis
443,3219 S. 7th Street,3219 S. 7th Street,St. Louis,MO,2010-12-08,170400.0,,St. Louis
444,Syndicate Trust Building,915 Olive Street,St. Louis,MO,2010-12-20,51643443.0,,St. Louis
445,1918 Washington Avenue,1918 Washington Avenue,St. Louis,MO,2010-12-21,1801235.0,,St. Louis
446,American Brake Company,1918 N. Broadway,St. Louis,MO,2010-12-21,2520045.0,,St. Louis
447,4510 Manchester Avenue,4510 Manchester Avenue,St. Louis,MO,2011-01-06,879253.0,,St. Louis
448,2807-09 Arsenal,2807-09 Arsenal,St. Louis,MO,2011-01-14,217198.0,,St. Louis
449,2620 Mcnair,2620 Mcnair,St. Louis,MO,2011-01-19,314211.0,,St. Louis
450,1033 Geyer Apartments,1033 Geyer Apartments,St. Louis,MO,2011-01-23,160180.0,,St. Louis
451,15 Lenox Place,15 Lenox Place,St. Louis,MO,2011-02-14,1854207.0,,St. Louis
452,Missouri Electric Light & Power Co.,1906-1932 Locust St.,St. Louis,MO,2011-03-15,6100000.0,,St. Louis
453,4249 Arco Avenue,4249 Arco Avenue,St. Louis,MO,2011-03-28,220000.0,,St. Louis
454,3012 Salena,3012 Salena,St. Louis,MO,2011-03-30,175000.0,,St. Louis
455,7613-15 S. Broadway,7613-15 S. Broadway,St. Louis,MO,2011-03-30,828400.0,,St. Louis
456,7413-15 S. Broadway,7413-15 S. Broadway,St. Louis,MO,2011-03-30,1070000.0,,St. Louis
457,7024 Pennsylvania,7024 Pennsylvania,St. Louis,MO,2011-03-30,1260000.0,,St. Louis
458,227-229 W. Steins,227-229 W. Steins,St. Louis,MO,2011-03-30,1160000.0,,St. Louis
459,1521 Washington,1521 Washington,St. Louis,MO,2011-03-31,1962000.0,,St. Louis
460,The Avenida,1227-1235 Washington Avenue,St. Louis,MO,2011-03-31,19343671.0,,St. Louis
461,2343-49 S. 7th St.,2343-49 S. 7th St.,St. Louis,MO,2011-04-04,507791.0,,St. Louis
462,7401-05 S.Broadway,7401-05 S.Broadway,St. Louis,MO,2011-04-25,1026000.0,,St. Louis
463,1818 Washington,1818 Washington,St. Louis,MO,2011-05-04,2037719.0,,St. Louis
464,6921 Michigan,6921 Michigan,St. Louis,MO,2011-05-19,337000.0,,St. Louis
465,6919-21 Michigan,6919-21 Michigan,St. Louis,MO,2011-05-19,337000.0,,St. Louis
466,Mayfair Hotel,806 St. Charles Street,St. Louis,MO,2011-05-20,11547945.0,,St. Louis
467,1014-34 Oakview Place,1014-34 Oakview Place,St. Louis,MO,2011-05-26,1841190.0,,St. Louis
468,The Terrace Building,325-329-331 North Euclid Avenue,St. Louis,MO,2011-05-26,1050000.0,,St. Louis
469,3951 Shaw Apartment Building,3951 Shaw Apartment Building,St. Louis,MO,2011-06-06,245244.0,,St. Louis
470,3929 Botanical,3929 Botanical,St. Louis,MO,2011-06-06,409010.0,,St. Louis
471,7501 Michigan Avenue- A,7501 Michigan Avenue- A,St. Louis,MO,2011-06-08,1022000.0,,St. Louis
472,7411 S. Broadway,7411 S. Broadway,St. Louis,MO,2011-07-05,737300.0,,St. Louis
473,1408-10 Wright Street,1408-10 Wright Street,St. Louis,MO,2011-07-20,199189.0,,St. Louis
474,Nooter Corporation,1326 South 3rd Street,St. Louis,MO,2011-08-02,3147362.0,,St. Louis
475,4366 Manchester,4366 Manchester,St. Louis,MO,2011-08-16,197902.0,,St. Louis
476,Gill Building,622 624 Olive Street,St. Louis,MO,2011-08-16,525000.0,,St. Louis
477,4551 Oakland Avenue,4551 Oakland Avenue,St. Louis,MO,2011-08-22,232815.0,,St. Louis
478,4549 Oakland Avenue,4549 Oakland Avenue,St. Louis,MO,2011-08-22,232815.0,,St. Louis
479,1413-15 Hebert,1413-15 Hebert,St. Louis,MO,2011-08-22,192746.0,,St. Louis
480,3957 North 20th Street,3957 North 20th Street,St. Louis,MO,2011-09-02,544545.0,,St. Louis
481,3963 North 21st Street,3963 North 21st Street,St. Louis,MO,2011-09-02,420081.0,,St. Louis
482,3942 North 20th Street,3942 North 20th Street,St. Louis,MO,2011-09-02,730772.0,,St. Louis
483,3931 North 21st Street,3931 North 21st Street,St. Louis,MO,2011-09-02,846813.0,,St. Louis
484,3915 North 19th Street,3915 North 19th Street,St. Louis,MO,2011-09-02,600448.0,,St. Louis
485,3613 North 19th Street,3613 North 19th Street,St. Louis,MO,2011-09-02,547103.0,,St. Louis
486,4021 North 22nd Street,4021 North 22nd Street,St. Louis,MO,2011-09-09,542825.0,,St. Louis
487,4009 North 22nd Street,4009 North 22nd Street,St. Louis,MO,2011-09-09,512518.0,,St. Louis
488,4034 North 23rd Street,4034 North 23rd Street,St. Louis,MO,2011-09-09,345753.0,,St. Louis
489,3610 North 25th Street,3610 North 25th Street,St. Louis,MO,2011-09-09,471264.0,,St. Louis
490,4009 North 25th Street,4009 North 25th Street,St. Louis,MO,2011-09-12,357430.0,,St. Louis
491,4008 North 25th Street,4008 North 25th Street,St. Louis,MO,2011-09-12,202939.0,,St. Louis
492,3933 North 25th Street,3933 North 25th Street,St. Louis,MO,2011-09-12,607998.0,,St. Louis
493,3906 North 23rd Street,3906 North 23rd Street,St. Louis,MO,2011-09-12,550940.0,,St. Louis
494,4031 North 22nd Street,4031 North 22nd Street,St. Louis,MO,2011-09-13,516534.0,,St. Louis
495,4013 North 23rd Street,4013 North 23rd Street,St. Louis,MO,2011-09-13,332495.0,,St. Louis
496,Joe Wuschke Cigar Factory No. 37,2203 S. SEventh,St. Louis,MO,2011-09-14,92550.0,,St. Louis
497,West Locust Lofts,3327-3329 & 3331-3339 Locust Street,St. Louis,MO,2011-09-14,3111078.0,,St. Louis
498,Jos Wuesche Cigar Factory No. 37,2201 S. SEventh,St. Louis,MO,2011-09-14,92550.0,,St. Louis
499,West Locust Lofts,3327-3329 & 3331-3339 Locust Street,St. Louis,MO,2011-09-14,3111078.0,,St. Louis
500,1916 Angelica Street,1916 Angelica Street,St. Louis,MO,2011-09-15,392746.0,,St. Louis
501,3606 North 19th Street,3606 North 19th Street,St. Louis,MO,2011-09-15,793154.0,,St. Louis
502,1918 Angelica Street,1918 Angelica Street,St. Louis,MO,2011-09-15,417834.0,,St. Louis
503,3918 North 21st Street,3918 North 21st Street,St. Louis,MO,2011-09-15,792036.0,,St. Louis
504,Rosedale Building,6036 Washington,St. Louis,MO,2011-10-17,556245.0,,St. Louis
505,Ford Motor Company Building,4100 Forest Park Blvd,St. Louis,MO,2011-10-17,21235466.0,,St. Louis
506,Heinzelmann Building,108-110 N. Clay,St. Louis,MO,2011-10-19,522057.0,,St. Louis
507,Curlee Building,1001-07 Washington Avenue,St. Louis,MO,2011-10-19,6229789.0,,St. Louis
508,Lucks-Orwig Building,4652 Maryland Avenue,St. Louis,MO,2011-10-28,3400000.0,,St. Louis
509,Kiel Opera House,1400 Market Street,St. Louis,MO,2011-11-10,78600000.0,,St. Louis
510,4647-51 Dr. Martin Luther King Drive,4647-51 Dr. Martin Luther King Drive,St. Louis,MO,2011-12-13,1709045.0,,St. Louis
511,1832 Dick Gregory Place,1832 Dick Gregory Place,St. Louis,MO,2011-12-13,506616.0,,St. Louis
512,1822 Dick Gregory Place,1822 Dick Gregory Place,St. Louis,MO,2011-12-13,451268.0,,St. Louis
513,1820 Dick Gregory Place,1820 Dick Gregory Place,St. Louis,MO,2011-12-13,502025.0,,St. Louis
514,1704 Dick Gregory Place,1704 Dick Gregory Place,St. Louis,MO,2011-12-13,440944.0,,St. Louis
515,1524 Dick Gregory Place,1524 Dick Gregory Place,St. Louis,MO,2011-12-13,486981.0,,St. Louis
516,4635 Dr. Martin Luther King Drive,4635 Dr. Martin Luther King Drive,St. Louis,MO,2011-12-15,768478.0,,St. Louis
517,Dr. Howard Philip Venable House,1904 Dick Gregory Place,St. Louis,MO,2011-12-15,432000.0,,St. Louis
518,1802 Dick Gregory Place,1802 Dick Gregory Place,St. Louis,MO,2011-12-15,447033.0,,St. Louis
519,1710 Dick Gregory Place,1710 Dick Gregory Place,St. Louis,MO,2011-12-15,437294.0,,St. Louis
520,1702 Dick Gregory Place,1702 Dick Gregory Place,St. Louis,MO,2011-12-15,456010.0,,St. Louis
521,1700 Dick Gregory Place,1700 Dick Gregory Place,St. Louis,MO,2011-12-15,510082.0,,St. Louis
522,1528 Dick Gregory Place,1528 Dick Gregory Place,St. Louis,MO,2011-12-15,520026.0,,St. Louis
523,Leather Trades Building,1600 Locust Street,St. Louis,MO,2011-12-22,18300000.0,,St. Louis
524,The Flora Building,3309-13 Meramec St.,St. Louis,MO,2012-01-05,141943.0,,St. Louis
525,Beaux Arts And Pythian Hall Complex,711 North Grand Boulevard,St. Louis,MO,2012-01-05,17282259.0,,St. Louis
526,Berkshire Apartments,5629 Enright Avenue,St. Louis,MO,2012-01-05,1276109.0,,St. Louis
527,St. Luke's Apartments,5628 Enright Avenue,St. Louis,MO,2012-01-05,1665564.0,,St. Louis
528,Enright Court Apartments,5621-25 Enright,St. Louis,MO,2012-01-05,1361127.0,,St. Louis
529,Dartmouth Apartments,5622 Enright Avenue,St. Louis,MO,2012-01-05,1425381.0,,St. Louis
530,Enright Apartments,5617 Enright Avenue,St. Louis,MO,2012-01-05,1439972.0,,St. Louis
531,Cornell Apartments,5616 Enright Avenue,St. Louis,MO,2012-01-05,1889753.0,,St. Louis
532,Barclay Apartments,5611 Enright Avenue,St. Louis,MO,2012-01-05,1424539.0,,St. Louis
533,Barnard Apartments,5610 Enright,St. Louis,MO,2012-01-05,1889753.0,,St. Louis
534,Amherst Apartments,5602 Enright Avenue,St. Louis,MO,2012-01-05,1889753.0,,St. Louis
535,Farm And Home Savings And Loan Association,1001 Locust,St. Louis,MO,2012-01-05,15700000.0,,St. Louis
536,4144 Chouteau Avenue,4144 Chouteau Avenue,St. Louis,MO,2012-01-12,461515.0,,St. Louis
537,3733 Ohio,3733 Ohio,St. Louis,MO,2012-01-12,74858.0,,St. Louis
538,The Pasadena,3952-58 S. Grand Blvd,St. Louis,MO,2012-01-12,725000.0,,St. Louis
539,1900 Dick Gregory Place,1900 Dick Gregory Place,St. Louis,MO,2012-01-23,473897.0,,St. Louis
540,1714 Dick Gregory Place,1714 Dick Gregory Place,St. Louis,MO,2012-01-23,555530.0,,St. Louis
541,The Argyle Building,10 Maryland Plaza,St. Louis,MO,2012-02-07,668750.0,,St. Louis
542,The Argyle Building,245 North Euclid,St. Louis,MO,2012-02-07,668750.0,,St. Louis
543,Argyle Building,237 N. Euclid,St. Louis,MO,2012-02-07,668750.0,,St. Louis
544,The Argyle Building,2-4-6 Maryland Plaza,St. Louis,MO,2012-02-07,668750.0,,St. Louis
545,757 Syracuse,757 Syracuse,St. Louis,MO,2012-02-08,854348.0,,St. Louis
546,2414-2416 Menard,2414-2416 Menard,St. Louis,MO,2012-02-21,16555000.0,,St. Louis
547,Lambert-Deacon-Hull Printing Company Building,2100 Locust Street,St. Louis,MO,2012-02-21,515743.0,,St. Louis
548,Coca-Cola Syrup Plant,8125 Michigan Avenue,St. Louis,MO,2012-02-21,29000000.0,,St. Louis
549,4314 Gibson Ave,4314 Gibson Ave,St. Louis,MO,2012-03-08,180000.0,,St. Louis
550,3500 Magnolia,3500 Magnolia,St. Louis,MO,2012-03-08,146519.0,,St. Louis
551,Cupples Station Building 8,1000-1010 Spruce Street,St. Louis,MO,2012-03-22,5892358.0,,St. Louis
552,2703 S. 9th Street,2703 S. 9th Street,St. Louis,MO,2012-04-03,193209.0,,St. Louis
553,Morgens Building,3407 Olive Street,St. Louis,MO,2012-04-05,12500341.0,,St. Louis
554,Rawhide Building,4229-31 Manchester Avenue,St. Louis,MO,2012-04-12,1100000.0,,St. Louis
555,Gus' Pretzels,1820 Arsenal Street,St. Louis,MO,2012-04-17,130265.0,,St. Louis
556,4059 Shenandoah,4059 Shenandoah,St. Louis,MO,2012-04-26,147722.0,,St. Louis
557,Velie Motor Building,3021-23 Locust,St. Louis,MO,2012-05-09,410000.0,,St. Louis
558,Sylva Building,5798 Pershing Avenue,St. Louis,MO,2012-05-30,569000.0,,St. Louis
559,St. Louis Post-Dispatch Printing Building,1111 Olive St.,St. Louis,MO,2012-06-01,19527000.0,,St. Louis
560,Chase Apartments,4931 Lindell Avenue,St. Louis,MO,2012-07-10,7904719.0,,St. Louis
561,Blind Girls' Home,5235 Page Boulevard,St. Louis,MO,2012-07-24,4643589.0,,St. Louis
562,Mcelroy-Sloan Shoe Company Building,2035 Washington Avenue,St. Louis,MO,2012-07-31,3400000.0,,St. Louis
563,Knickerbocker Building,1308-1310 Washington Avenue,St. Louis,MO,2012-08-08,8700000.0,,St. Louis
564,Falstaff Brewing Corporation Plant No. 1,"3674-84, 3690 Forest Park Ave.",St. Louis,MO,2012-08-21,950000.0,,St. Louis
565,3800-10 Shenandoah And 2301 Spring,3800-10 Shenandoah And 2301 Spring,St. Louis,MO,2012-09-13,813522.0,,St. Louis
566,William A. Stickney Cigar Company Building,209 North Fourth Street,St. Louis,MO,2012-10-04,2596914.0,,St. Louis
567,3618-20 Hartford,3618-20 Hartford,St. Louis,MO,2012-10-07,191746.0,,St. Louis
568,4557 Flad,4557 Flad,St. Louis,MO,2013-01-14,180000.0,,St. Louis
569,The Alberta Apartments,3453-3459 Crittenden And 2914-16 Arkansas,St. Louis,MO,2013-01-15,650000.0,,St. Louis
570,Council Plaza Tower East,310 S. Grand,St. Louis,MO,2013-01-17,36291208.0,,St. Louis
571,1207 Sidney,1207 Sidney,St. Louis,MO,2013-01-28,338197.88,,St. Louis
572,4432 Olive,4432 Olive,St. Louis,MO,2013-01-29,1100000.0,,St. Louis
573,More Automotive Company Building,2801 Locust Street,St. Louis,MO,2013-02-01,7500000.0,,St. Louis
574,Overland Automotive Company Building,2309 Locust St,St. Louis,MO,2013-02-01,693899.0,,St. Louis
575,Hamilton Place Apartments,956 Hamilton Avenue,St. Louis,MO,2013-02-28,5800323.0,,St. Louis
576,2800 Shenandoah,2800 Shenandoah,St. Louis,MO,2013-03-04,255772.0,,St. Louis
577,Metropolitan Building,500N. Grand Boulevard,St. Louis,MO,2013-03-04,18000000.0,,St. Louis
578,St. Louis Stamping Company Buildings (Bldg 1),101-217 Cass,St. Louis,MO,2013-04-08,85000000.0,,St. Louis
579,2303 Shenandoah,2303 Shenandoah,St. Louis,MO,2013-04-09,317000.0,,St. Louis
580,Arlington School,1617 Burd,St. Louis,MO,2013-04-19,8294166.0,,St. Louis
581,4501-4503 Wichita Avenue,4501-4503 Wichita Avenue,St. Louis,MO,2013-05-09,220000.0,,St. Louis
582,Physician's Office Building,462 N. Taylor,St. Louis,MO,2013-05-31,1100000.0,,St. Louis
583,3905-07 Castleman,3905-07 Castleman,St. Louis,MO,2013-06-01,174260.0,,St. Louis
584,Missouri Pacific Building,210 N. 13th Street,St. Louis,MO,2013-06-04,78254324.0,,St. Louis
585,4260 Mcree Avenue,4260 Mcree Avenue,St. Louis,MO,2013-06-05,340420.0,,St. Louis
586,4266 Mcree Avenue,4266 Mcree Avenue,St. Louis,MO,2013-06-05,187122.0,,St. Louis
587,1618 Tower Grove,1618-1622 Tower Grove,St. Louis,MO,2013-06-05,3894708.0,,St. Louis
588,3339-41 Missouri And 3343 Missouri Houses,3339-41 Missouri And 3343 Missouri Houses,St. Louis,MO,2013-07-08,310526.0,,St. Louis
589,King's I Restaurant,3151-57 South Grand Avenue,St. Louis,MO,2013-08-09,428363.0,,St. Louis
590,Affton High School,5820 Mackenzie Road,St. Louis,MO,2013-08-12,4780909.0,,St. Louis
591,Ralph Waldo Emerson Elementary School,5415 Page Blvd.,St. Louis,MO,2013-08-12,9847684.0,,St. Louis
592,Athena Building,2867-71 Shenandoah Ave. & 2254-56 39th Street,St. Louis,MO,2013-08-29,650000.0,,St. Louis
593,4253 Russell Boulevard,4253 Russell Boulevard,St. Louis,MO,2013-09-09,124871.0,,St. Louis
594,4251 Russell Boulevard,4251 Russell Boulevard,St. Louis,MO,2013-09-09,124871.0,,St. Louis
595,3024 Locust Street,3024 Locust Street,St. Louis,MO,2013-09-29,330000.0,,St. Louis
596,"Cupples Station, Building 9",900-910 Spruce Street,St. Louis,MO,2013-09-30,25000000.0,,St. Louis
597,Medart's,7036 Clayton,St. Louis,MO,2013-09-30,10300000.0,,St. Louis
598,1927 Destrehan Street,1927 Destrehan Street,St. Louis,MO,2013-09-30,308999.0,,St. Louis
599,1929 Destrehan Street,1929 Destrehan Street,St. Louis,MO,2013-09-30,308999.0,,St. Louis
600,1510 NEwhouse Avenue,1510 NEwhouse Avenue,St. Louis,MO,2013-09-30,189157.0,,St. Louis
601,2018-20 Mallinckrodt Street,2018-20 Mallinckrodt Street,St. Louis,MO,2013-09-30,689517.0,,St. Louis
602,1905 Destrehan Street,1905 Destrehan Street,St. Louis,MO,2013-09-30,432332.0,,St. Louis
603,1913 Destrehan Street,1913 Destrehan Street,St. Louis,MO,2013-09-30,325761.0,,St. Louis
604,1931 Destrehan Street,1931 Destrehan Street,St. Louis,MO,2013-09-30,308999.0,,St. Louis
605,1904 Garden Street,1904 Garden Street,St. Louis,MO,2013-09-30,325966.0,,St. Louis
606,1435 Salisbury Street,1435 Salisbury Street,St. Louis,MO,2013-09-30,2506461.0,,St. Louis
607,1529 Mallinckrodt Street,1529 Mallinckrodt Street,St. Louis,MO,2013-09-30,735064.0,,St. Louis
608,2009 Mallinckrodt Street,2009 Mallinckrodt Street,St. Louis,MO,2013-09-30,296692.0,,St. Louis
609,2014 Mallinckrodt Street,2014 Mallinckrodt Street,St. Louis,MO,2013-09-30,429821.0,,St. Louis
610,1915 Destrehan Street,1915 Destrehan Street,St. Louis,MO,2013-10-23,237380.0,,St. Louis
611,1415 Destrehan Street,1415 Destrehan Street,St. Louis,MO,2013-10-28,200112.0,,St. Louis
612,3617 Blair Avenue,3617 Blair Avenue,St. Louis,MO,2013-10-28,386349.0,,St. Louis
613,2022-24 Mallinckrodt Street,2022-24 Mallinckrodt Street,St. Louis,MO,2013-10-28,751760.0,,St. Louis
614,1523-25 Mallinckrodt Street,1523-25 Mallinckrodt Street,St. Louis,MO,2013-10-28,698781.0,,St. Louis
615,1413-15 Destrehan Street,1413-15 Destrehan Street,St. Louis,MO,2013-10-28,200112.0,,St. Louis
616,3834 N. 25th Street,3834 N. 25th Street,St. Louis,MO,2013-10-28,482300.0,,St. Louis
617,3836 N. 25th Street,3836 N. 25th Street,St. Louis,MO,2013-10-28,321534.0,,St. Louis
618,3615-17 Blair Avenue,3615-17 Blair Avenue,St. Louis,MO,2013-10-28,386349.0,,St. Louis
619,1426 Mallinckrodt Street,1426 Mallinckrodt Street,St. Louis,MO,2013-10-29,70811.0,,St. Louis
620,1426 Mallinckrodt Street,1426 Mallinckrodt Street,St. Louis,MO,2013-10-29,175891.0,,St. Louis
621,1424 Mallinckrodt Street,1424 Mallinckrodt Street,St. Louis,MO,2013-10-29,151049.0,,St. Louis
622,1417 Destrehan Street,1417 Destrehan Street,St. Louis,MO,2013-10-29,587456.0,,St. Louis
623,3928 North 21st Street,3928 North 21st Street,St. Louis,MO,2013-10-29,413428.0,,St. Louis
624,1411 Destrehan Street,1411 Destrehan Street,St. Louis,MO,2013-10-29,234301.0,,St. Louis
625,1409 Destrehan Street,1409 Destrehan Street,St. Louis,MO,2013-10-29,381128.0,,St. Louis
626,1426-28 Salisbury Street,1426-28 Salisbury Street,St. Louis,MO,2013-10-29,969911.0,,St. Louis
627,2026-28 Mallinckrodt Street,2026-28 Mallinckrodt Street,St. Louis,MO,2013-11-04,685206.0,,St. Louis
628,Glouster Building,5867 Nina Place,St. Louis,MO,2013-11-22,541236.0,,St. Louis
629,6053 Clemens,6053 Clemens,St. Louis,MO,2013-11-25,105019.0,,St. Louis
630,6372-76 Delmar Commercial Building,6372-76 Delmar,St. Louis,MO,2013-11-25,659159.0,,St. Louis
631,Minerva Place Apartments,1342 Montclair Avenue,St. Louis,MO,2013-11-27,3656129.0,,St. Louis
632,The Gotham Apartments,5900-04 Enright Avenue,St. Louis,MO,2013-12-04,8805430.0,,St. Louis
633,5561-5571 Chamberlain,5561-5571 Chamberlain,St. Louis,MO,2014-01-28,629740.0,,St. Louis
634,Convent Garden Apartments,4497 Pershing Ave,St. Louis,MO,2014-02-20,2983404.0,,St. Louis
635,Loop Center South,6108-6120 Delmar Blvd,St. Louis,MO,2014-02-25,1335601.0,,St. Louis
636,2325 Ann,2325 Ann,St. Louis,MO,2014-03-18,261431.0,,St. Louis
637,20 Plaza Square,20 Plaza Square,St. Louis,MO,2014-03-26,3729710.0,,St. Louis
638,4239 Norfolk,4239 Norfolk,St. Louis,MO,2014-03-28,180000.0,,St. Louis
639,1119-1121 Tower Grove,1119-1121 Tower Grove,St. Louis,MO,2014-03-28,587000.0,,St. Louis
640,Mcnair Four Family House,2621-23 Mcnair Avenue,St. Louis,MO,2014-04-23,394980.0,,St. Louis
641,1115-17 Tower Grove Four-Family Flat,1115-17 Tower Grove Four-Family Flat,St. Louis,MO,2014-04-23,391000.0,,St. Louis
642,1001-03-05 Ann,1001-03-05 Ann,St. Louis,MO,2014-04-23,610000.0,,St. Louis
643,Lacassian Laboratories,2200 Locust,St. Louis,MO,2014-04-24,3756403.0,,St. Louis
644,4184 Manchester Avenue,4184 Manchester Avenue,St.Louis,MO,2014-04-25,401791.0,,St. Louis
645,Thurman Station,2232 Thurman Avenue,St. Louis,MO,2014-05-13,149680.0,,St. Louis
646,4202 Chouteau Avenue,4202 Chouteau Avenue,St. Louis,MO,2014-05-27,365000.0,,St. Louis
647,4180 Manchester Ave.,4180 Manchester Ave.,St. Louis,MO,2014-06-06,133502.0,,St. Louis
648,Central States Life Insurance Company,3207 Washington Boulevard,St. Louis,MO,2014-06-12,2989261.0,,St. Louis
649,4527 Oakland Avenue,4527 Oakland Avenue,St. Louis,MO,2014-06-16,724345.0,,St. Louis
650,4207 Arco Ave,4207 Arco Ave,St. Louis,MO,2014-06-18,159039.0,,St. Louis
651,3223 Magnolia,3223 Magnolia,St. Louis,MO,2014-06-26,94127.0,,St. Louis
652,Hadley Dean Building,1101 Lucas,St. Louis,MO,2014-07-01,3243527.0,,St. Louis
653,Sun Theatre,3625-33 Grandell Square,St. Louis,MO,2014-07-11,9250000.0,,St. Louis
654,Pfeiffer Manufacturing Building,3965 Laclede,St. Louis,MO,2014-08-07,8620000.0,,St. Louis
655,Chouteau Trust Building,4028-4030 Chouteau And 1029 Vandeventer,St. Louis,MO,2014-08-18,716228.0,,St. Louis
656,2710-2712 Lafayette Avenue,2710-2712 Lafayette Avenue,St. Louis,MO,2014-08-20,555844.0,,St. Louis
657,4337-39 SWan Avenue,4337-39 SWan Avenue,St. Louis,MO,2014-08-25,120000.0,,St. Louis
658,Old Laclede Gas & Light Company Building,1017 Olive Street,St. Louis,MO,2014-09-10,6401722.0,,St. Louis
659,3825 Ohio Avenue,3825 Ohio Avenue,St. Louis,MO,2014-10-03,30050.0,,St. Louis
660,4341-4343 SWan Avenue,4341-4343 SWan Avenue,St. Louis,MO,2014-10-13,120000.0,,St. Louis
661,2051 Maury Avenue,2051 Maury Avenue,St. Louis,MO,2014-11-06,815738.0,,St. Louis
